resource_name,required_rate
water,235.18985224853753
steam,27.787297940715607
natural-gas,0.0027262719755102626
